[
   {
      "ID": 505,
      "Status": 0,
      "CountdownTimer": 0,
      "Timer": 99999,
      "TokensReward": 0,
      "Modifier": 0
   },
   {
      "ID": 284,
      "Status": 0,
      "CountdownTimer": 0,
      "Timer": 99999,
      "TokensReward": 0,
      "Modifier": 1
   },
   {
      "ID": 26,
      "Status": 0,
      "CountdownTimer": 0,
      "Timer": 99999,
      "TokensReward": 0,
      "Modifier":0
   },
   {
      "ID": 18,
      "Status": 0,
      "CountdownTimer": 0,
      "Timer": 99999,
      "TokensReward": 0,
      "Modifier":0
   },
   {
      "ID": 285,
      "Status": 0,
      "CountdownTimer": 0,
      "Timer": 99999,
      "TokensReward": 0,
      "Modifier": 1
   },
   {
      "ID": 54,
      "Status": 0,
      "CountdownTimer": 0,
      "Timer": 99999,
      "TokensReward": 0,
      "Modifier": 0
   },
   {
      "ID": 65,
      "Status": 0,
      "CountdownTimer": 0,
      "Timer": 99999,
      "TokensReward": 0,
      "Modifier": 0
   },
   {
      "ID": 481,
      "Status": 0,
      "CountdownTimer": 0,
      "Timer": 99999,
      "TokensReward": 0,
      "Modifier": 0
   },
   {
      "ID": -1,
      "Status": 0,
      "CountdownTimer": 0,
      "Timer": 99999,
      "TokensReward": 0,
      "Modifier": 0
   },
   {
      "ID": -1,
      "Status": 0,
      "CountdownTimer": 0,
      "Timer": 99999,
      "TokensReward": 0,
      "Modifier": 0
   },
   {
      "ID": -1,
      "Status": 0,
      "CountdownTimer": 0,
      "Timer": 99999,
      "TokensReward": 0,
      "Modifier": 0
   },
   {
      "ID": 93,
      "Status": 0,
      "CountdownTimer": 0,
      "Timer": 99999,
      "TokensReward": 0,
      "Modifier": 0
   },
   {
      "ID": 292,
      "Status": 0,
      "CountdownTimer": 0,
      "Timer": 99999,
      "TokensReward": 0,
      "Modifier": 0
   }
]
