{
  "Offers": [
    {
      "Rewards": [
        {
          "ItemType": 6,
          "Amount": 0,
          "BrawlerID": [0, 0],
          "Extra": 0
        }
      ],
      "Currency": 0,
      "Cost": 1,
      "Time": 172800,
      "Claim": true,
      "DailyOffer": false,
      "OldPrice": 1,
      "Text": "Unlock all brawlers",
      "Background": "offer_stuntshow",
      "Processed": false,
      "TypeBenefit": 1,
      "Benefit": 100,
      "OneTimeOffer": false,
      "BigOffer": false,
      "ShopPanelLayouts": 0,
      "ShopStyleSets": 0,
      "OfferID": 0,
      "OfferID": -3
    },
    {
      "Rewards": [
        {
          "ItemType": 1,
          "Amount": 999999999,
          "BrawlerID": [0, 0],
          "Extra": 0
        },
        {
          "ItemType": 16,
          "Amount": 999999999,
          "BrawlerID": [0, 0],
          "Extra": 0
        }
      ],
      "Currency": 0,
      "Cost": 0,
      "Time": 172800,
      "Claim": true,
      "DailyOffer": false,
      "OldPrice": 0,
      "Text": "Full Gems and Coins",
      "Background": "offer_stuntshow",
      "Processed": false,
      "TypeBenefit": 2,
      "Benefit": 300,
      "OneTimeOffer": false,
      "BigOffer": false,
      "ShopPanelLayouts": 0,
      "ShopStyleSets": 0,
      "OfferID": 0,
      "OfferID": -2
    },
    {
      "Rewards": [
        {
          "ItemType": 4,
          "Amount": 0,
          "BrawlerID": [16, 1],
          "Extra": 376
        },
        {
          "ItemType": 19,
          "Amount": 250,
          "BrawlerID": [0, 0],
          "Extra": 272
        },
        {
          "ItemType": 9,
          "Amount": 1000,
          "BrawlerID": [0, 0],
          "Extra": 0
        }
      ],
      "Currency": 0,
      "Cost": 109,
      "Time": 172800,
      "Claim": true,
      "DailyOffer": false,
      "OldPrice": 159,
      "Text": "None",
      "Background": "offer_stuntshow",
      "Processed": false,
      "TypeBenefit": 1,
      "Benefit": 2,
      "OneTimeOffer": false,
      "BigOffer": true,
      "ShopPanelLayouts": -1,
      "ShopStyleSets": 0,
      "OfferID": 0,
      "OfferID": -1
    },
    {
      "Rewards": [
        {
          "ItemType": 4,
          "Amount": 1,
          "BrawlerID": [16, 31],
          "Extra": 506
        },
        {
          "ItemType": 19,
          "Amount": 1,
          "BrawlerID": [0, 0],
          "Extra": 735
        }
      ],
      "Currency": 0,
      "Cost": 79,
      "Time": 86400,
      "Claim": false,
      "DailyOffer": false,
      "OldPrice": 0,
      "Text": "None",
      "Background": "offer_gw2022",
      "Processed": false,
      "TypeBenefit": 0,
      "Benefit": 0,
      "OneTimeOffer": false,
      "BigOffer": true,
      "ShopPanelLayouts": -1,
      "ShopStyleSets": 0,
      "OfferID": 88
    },
    {
      "Rewards": [
        {
          "ItemType": 4,
          "Amount": 1,
          "BrawlerID": [16, 14],
          "Extra": 245
        }
      ],
      "Currency": 0,
      "Cost": 29,
      "Time": 86400,
      "Claim": false,
      "DailyOffer": false,
      "OldPrice": 0,
      "Text": "None",
      "Background": "offer_deepsea",
      "Processed": false,
      "TypeBenefit": 0,
      "Benefit": 0,
      "OneTimeOffer": false,
      "BigOffer": false,
      "ShopPanelLayouts": 0,
      "ShopStyleSets": 0,
      "OfferID": 6
    },
    {
      "Rewards": [
        {
          "ItemType": 4,
          "Amount": 1,
          "BrawlerID": [16, 38],
          "Extra": 416
        }
      ],
      "Currency": 0,
      "Cost": 79,
      "Time": 86400,
      "Claim": true,
      "DailyOffer": false,
      "OldPrice": 0,
      "Text": "None",
      "Background": "offer_deepsea",
      "Processed": false,
      "TypeBenefit": 0,
      "Benefit": 0,
      "OneTimeOffer": false,
      "BigOffer": false,
      "ShopPanelLayouts": 0,
      "ShopStyleSets": 0,
      "OfferID": 7
    },
    {
      "Rewards": [
        {
          "ItemType": 4,
          "Amount": 1,
          "BrawlerID": [16, 25],
          "Extra": 422
        }
      ],
      "Currency": 1,
      "Cost": 10000,
      "Time": 86400,
      "Claim": false,
      "DailyOffer": false,
      "OldPrice": 0,
      "Text": "None",
      "Background": "offer_deepsea",
      "Processed": false,
      "TypeBenefit": 0,
      "Benefit": 0,
      "OneTimeOffer": false,
      "BigOffer": false,
      "ShopPanelLayouts": 0,
      "ShopStyleSets": 0,
      "OfferID": 8
    },
    {
      "Rewards": [
        {
          "ItemType": 4,
          "Amount": 1,
          "BrawlerID": [16, 6],
          "Extra": 356
        }
      ],
      "Currency": 0,
      "Cost": 79,
      "Time": 86400,
      "Claim": true,
      "DailyOffer": false,
      "OldPrice": 0,
      "Text": "None",
      "Background": "offer_deepsea",
      "Processed": false,
      "TypeBenefit": 0,
      "Benefit": 0,
      "OneTimeOffer": false,
      "BigOffer": false,
      "ShopPanelLayouts": 0,
      "ShopStyleSets": 0,
      "OfferID": 9
    },
    {
      "Rewards": [
        {
          "ItemType": 4,
          "Amount": 1,
          "BrawlerID": [16, 15],
          "Extra": 381
        }
      ],
      "Currency": 0,
      "Cost": 79,
      "Time": 86400,
      "Claim": false,
      "DailyOffer": false,
      "OldPrice": 0,
      "Text": "None",
      "Background": "offer_deepsea",
      "Processed": false,
      "TypeBenefit": 0,
      "Benefit": 0,
      "OneTimeOffer": false,
      "BigOffer": false,
      "ShopPanelLayouts": 0,
      "ShopStyleSets": 0,
      "OfferID": 10
    },
    {
      "Rewards": [
        {
          "ItemType": 4,
          "Amount": 1,
          "BrawlerID": [16, 36],
          "Extra": 233
        }
      ],
      "Currency": 0,
      "Cost": 79,
      "Time": 86400,
      "Claim": true,
      "DailyOffer": false,
      "OldPrice": 0,
      "Text": "None",
      "Background": "offer_deepsea",
      "Processed": false,
      "TypeBenefit": 0,
      "Benefit": 0,
      "OneTimeOffer": false,
      "BigOffer": false,
      "ShopPanelLayouts": 0,
      "ShopStyleSets": 0,
      "OfferID": 11
    },
    {
      "Rewards": [
        {
          "ItemType": 4,
          "Amount": 1,
          "BrawlerID": [16, 10],
          "Extra": 359
        }
      ],
      "Currency": 0,
      "Cost": 149,
      "Time": 86400,
      "Claim": false,
      "DailyOffer": false,
      "OldPrice": 0,
      "Text": "None",
      "Background": "offer_deepsea",
      "Processed": false,
      "TypeBenefit": 0,
      "Benefit": 0,
      "OneTimeOffer": false,
      "BigOffer": false,
      "ShopPanelLayouts": 0,
      "ShopStyleSets": 0,
      "OfferID": 12
    },
    {
      "Rewards": [
        {
          "ItemType": 4,
          "Amount": 1,
          "BrawlerID": [16, 32],
          "Extra": 310
        }
      ],
      "Currency": 0,
      "Cost": 79,
      "Time": 86400,
      "Claim": true,
      "DailyOffer": false,
      "OldPrice": 0,
      "Text": "None",
      "Background": "offer_deepsea",
      "Processed": false,
      "TypeBenefit": 0,
      "Benefit": 0,
      "OneTimeOffer": false,
      "BigOffer": false,
      "ShopPanelLayouts": 0,
      "ShopStyleSets": 0,
      "OfferID": 13
    },
    {
      "Rewards": [
        {
          "ItemType": 4,
          "Amount": 1,
          "BrawlerID": [16, 14],
          "Extra": 99
        }
      ],
      "Currency": 3,
      "Cost": 50000,
      "Time": 86400,
      "Claim": false,
      "DailyOffer": false,
      "OldPrice": 0,
      "Text": "None",
      "Background": "offer_deepsea",
      "Processed": false,
      "TypeBenefit": 0,
      "Benefit": 0,
      "OneTimeOffer": false,
      "BigOffer": false,
      "ShopPanelLayouts": 0,
      "ShopStyleSets": 0,
      "OfferID": 14
    },
    {
      "Rewards": [
        {
          "ItemType": 4,
          "Amount": 1,
          "BrawlerID": [16, 25],
          "Extra": 267
        }
      ],
      "Currency": 3,
      "Cost": 10000,
      "Time": 86400,
      "Claim": false,
      "DailyOffer": false,
      "OldPrice": 0,
      "Text": "None",
      "Background": "offer_deepsea",
      "Processed": false,
      "TypeBenefit": 0,
      "Benefit": 0,
      "OneTimeOffer": false,
      "BigOffer": false,
      "ShopPanelLayouts": 0,
      "ShopStyleSets": 0,
      "OfferID": 15
    },
    {
      "Rewards": [
        {
          "ItemType": 4,
          "Amount": 1,
          "BrawlerID": [16, 6],
          "Extra": 433
        }
      ],
      "Currency": 0,
      "Cost": 149,
      "Time": 86400,
      "Claim": true,
      "DailyOffer": false,
      "OldPrice": 0,
      "Text": "None",
      "Background": "offer_deepsea",
      "Processed": false,
      "TypeBenefit": 0,
      "Benefit": 0,
      "OneTimeOffer": false,
      "BigOffer": false,
      "ShopPanelLayouts": 0,
      "ShopStyleSets": 0,
      "OfferID": 16
    },
    {
      "Rewards": [
        {
          "ItemType": 4,
          "Amount": 1,
          "BrawlerID": [16, 43],
          "Extra": 434
        }
      ],
      "Currency": 0,
      "Cost": 149,
      "Time": 86400,
      "Claim": true,
      "DailyOffer": false,
      "OldPrice": 0,
      "Text": "None",
      "Background": "offer_deepsea",
      "Processed": false,
      "TypeBenefit": 0,
      "Benefit": 0,
      "OneTimeOffer": false,
      "BigOffer": false,
      "ShopPanelLayouts": 0,
      "ShopStyleSets": 0,
      "OfferID": 17
    },
    {
      "Rewards": [
        {
          "ItemType": 4,
          "Amount": 1,
          "BrawlerID": [16, 10],
          "Extra": 435
        }
      ],
      "Currency": 0,
      "Cost": 149,
      "Time": 86400,
      "Claim": true,
      "DailyOffer": false,
      "OldPrice": 0,
      "Text": "None",
      "Background": "offer_deepsea",
      "Processed": false,
      "TypeBenefit": 0,
      "Benefit": 0,
      "OneTimeOffer": false,
      "BigOffer": false,
      "ShopPanelLayouts": 0,
      "ShopStyleSets": 0,
      "OfferID": 18
    },
    {
      "Rewards": [
        {
          "ItemType": 4,
          "Amount": 1,
          "BrawlerID": [16, 8],
          "Extra": 436
        }
      ],
      "Currency": 3,
      "Cost": 25000,
      "Time": 86400,
      "Claim": true,
      "DailyOffer": false,
      "OldPrice": 0,
      "Text": "None",
      "Background": "offer_deepsea",
      "Processed": false,
      "TypeBenefit": 0,
      "Benefit": 0,
      "OneTimeOffer": false,
      "BigOffer": false,
      "ShopPanelLayouts": 0,
      "ShopStyleSets": 0,
      "OfferID": 19
    },
    {
      "Rewards": [
        {
          "ItemType": 4,
          "Amount": 1,
          "BrawlerID": [16, 24],
          "Extra": 442
        }
      ],
      "Currency": 0,
      "Cost": 149,
      "Time": 86400,
      "Claim": true,
      "DailyOffer": false,
      "OldPrice": 0,
      "Text": "None",
      "Background": "offer_deepsea",
      "Processed": false,
      "TypeBenefit": 0,
      "Benefit": 0,
      "OneTimeOffer": false,
      "BigOffer": false,
      "ShopPanelLayouts": 0,
      "ShopStyleSets": 0,
      "OfferID": 20
    },
    {
      "Rewards": [
        {
          "ItemType": 3,
          "Amount": 1,
          "BrawlerID": [16, 52],
          "Extra": 0
        }
      ],
      "Currency": 0,
      "Cost": 109,
      "Time": 86400,
      "Claim": false,
      "DailyOffer": false,
      "OldPrice": 699,
      "Text": "Brawler",
      "Background": "offer_retro",
      "Processed": false,
      "TypeBenefit": 0,
      "Benefit": 0,
      "OneTimeOffer": false,
      "BigOffer": false,
      "ShopPanelLayouts": 0,
      "ShopStyleSets": 0,
      "OfferID": 22
    },
    {
      "Rewards": [
        {
          "ItemType": 30,
          "Amount": 11,
          "BrawlerID": [16, 51],
          "Extra": 0
        }
      ],
      "Currency": 0,
      "Cost": 229,
      "Time": 86400,
      "Claim": false,
      "DailyOffer": false,
      "OldPrice": 699,
      "Text": "Brawler with LVL",
      "Background": "offer_fairytale",
      "Processed": false,
      "TypeBenefit": 0,
      "Benefit": 0,
      "OneTimeOffer": false,
      "BigOffer": false,
      "ShopPanelLayouts": 0,
      "ShopStyleSets": 0,
      "OfferID": 23
    },
    {
      "Rewards": [
        {
          "ItemType": 10,
          "Amount": 1,
          "BrawlerID": [0, 0],
          "Extra": 0
        }
      ],
      "Currency": 0,
      "Cost": 39,
      "Time": 86400,
      "Claim": false,
      "DailyOffer": false,
      "OldPrice": 79,
      "Text": "Mega Box",
      "Background": "offer_deepsea",
      "Processed": false,
      "TypeBenefit": 0,
      "Benefit": 0,
      "OneTimeOffer": false,
      "BigOffer": false,
      "ShopPanelLayouts": 0,
      "ShopStyleSets": 0,
      "OfferID": 27
    },
    {
      "Rewards": [
        {
          "ItemType": 4,
          "Amount": 1,
          "BrawlerID": [16, 43],
          "Extra": 467
        }
      ],
      "Currency": 0,
      "Cost": 149,
      "Time": 86400,
      "Claim": true,
      "DailyOffer": false,
      "OldPrice": 0,
      "Text": "None",
      "Background": "offer_deepsea",
      "Processed": false,
      "TypeBenefit": 0,
      "Benefit": 0,
      "OneTimeOffer": false,
      "BigOffer": false,
      "ShopPanelLayouts": 0,
      "ShopStyleSets": 0,
      "OfferID": 28
    },
    {
      "Rewards": [
        {
          "ItemType": 4,
          "Amount": 1,
          "BrawlerID": [16, 4],
          "Extra": 468
        }
      ],
      "Currency": 0,
      "Cost": 79,
      "Time": 86400,
      "Claim": true,
      "DailyOffer": false,
      "OldPrice": 0,
      "Text": "None",
      "Background": "offer_deepsea",
      "Processed": false,
      "TypeBenefit": 0,
      "Benefit": 0,
      "OneTimeOffer": false,
      "BigOffer": false,
      "ShopPanelLayouts": 0,
      "ShopStyleSets": 0,
      "OfferID": 29
    },
    {
      "Rewards": [
        {
          "ItemType": 4,
          "Amount": 1,
          "BrawlerID": [16, 52],
          "Extra": 469
        }
      ],
      "Currency": 0,
      "Cost": 79,
      "Time": 86400,
      "Claim": true,
      "DailyOffer": false,
      "OldPrice": 0,
      "Text": "None",
      "Background": "offer_deepsea",
      "Processed": false,
      "TypeBenefit": 0,
      "Benefit": 0,
      "OneTimeOffer": false,
      "BigOffer": false,
      "ShopPanelLayouts": 0,
      "ShopStyleSets": 0,
      "OfferID": 30
    },
    {
      "Rewards": [
        {
          "ItemType": 4,
          "Amount": 1,
          "BrawlerID": [16, 31],
          "Extra": 473
        }
      ],
      "Currency": 0,
      "Cost": 79,
      "Time": 86400,
      "Claim": true,
      "DailyOffer": false,
      "OldPrice": 0,
      "Text": "None",
      "Background": "offer_deepsea",
      "Processed": false,
      "TypeBenefit": 0,
      "Benefit": 0,
      "OneTimeOffer": false,
      "BigOffer": false,
      "ShopPanelLayouts": 0,
      "ShopStyleSets": 0,
      "OfferID": 31
    },
    {
      "Rewards": [
        {
          "ItemType": 4,
          "Amount": 1,
          "BrawlerID": [16, 24],
          "Extra": 477
        }
      ],
      "Currency": 0,
      "Cost": 149,
      "Time": 86400,
      "Claim": true,
      "DailyOffer": false,
      "OldPrice": 0,
      "Text": "None",
      "Background": "offer_deepsea",
      "Processed": false,
      "TypeBenefit": 0,
      "Benefit": 0,
      "OneTimeOffer": false,
      "BigOffer": false,
      "ShopPanelLayouts": 0,
      "ShopStyleSets": 0,
      "OfferID": 32
    },
    {
      "Rewards": [
        {
          "ItemType": 4,
          "Amount": 1,
          "BrawlerID": [16, 37],
          "Extra": 482
        }
      ],
      "Currency": 0,
      "Cost": 79,
      "Time": 86400,
      "Claim": true,
      "DailyOffer": false,
      "OldPrice": 0,
      "Text": "None",
      "Background": "offer_deepsea",
      "Processed": false,
      "TypeBenefit": 0,
      "Benefit": 0,
      "OneTimeOffer": false,
      "BigOffer": false,
      "ShopPanelLayouts": 0,
      "ShopStyleSets": 0,
      "OfferID": 33
    },
    {
      "Rewards": [
        {
          "ItemType": 4,
          "Amount": 1,
          "BrawlerID": [16, 46],
          "Extra": 483
        }
      ],
      "Currency": 0,
      "Cost": 79,
      "Time": 86400,
      "Claim": true,
      "DailyOffer": false,
      "OldPrice": 0,
      "Text": "None",
      "Background": "offer_deepsea",
      "Processed": false,
      "TypeBenefit": 0,
      "Benefit": 0,
      "OneTimeOffer": false,
      "BigOffer": false,
      "ShopPanelLayouts": 0,
      "ShopStyleSets": 0,
      "OfferID": 34
    },
    {
      "Rewards": [
        {
          "ItemType": 12,
          "Amount": 100,
          "BrawlerID": [0, 0],
          "Extra": 0
        },
        {
          "ItemType": 3,
          "Amount": 1,
          "BrawlerID": [16, 35],
          "Extra": 0
        },
        {
          "ItemType": 1,
          "Amount": 300,
          "BrawlerID": [0, 0],
          "Extra": 0
        }
      ],
      "Currency": 0,
      "Cost": 129,
      "Time": 86400,
      "Claim": false,
      "DailyOffer": false,
      "OldPrice": 0,
      "Text": "Mega Offer",
      "Background": "offer_deepsea",
      "Processed": false,
      "TypeBenefit": 1,
      "Benefit": 6,
      "OneTimeOffer": false,
      "BigOffer": false,
      "ShopPanelLayouts": 0,
      "ShopStyleSets": 0,
      "OfferID": 35
    },
    {
      "Rewards": [
        {
          "ItemType": 12,
          "Amount": 500,
          "BrawlerID": [0, 0],
          "Extra": 0
        }
      ],
      "Currency": 0,
      "Cost": 149,
      "Time": 86400,
      "Claim": false,
      "DailyOffer": false,
      "OldPrice": 0,
      "Text": "Powerpoints",
      "Background": "offer_deepsea",
      "Processed": false,
      "TypeBenefit": 0,
      "Benefit": 0,
      "OneTimeOffer": false,
      "BigOffer": false,
      "ShopPanelLayouts": 0,
      "ShopStyleSets": 0,
      "OfferID": 36
    },
    {
      "Rewards": [
        {
          "ItemType": 10,
          "Amount": 5,
          "BrawlerID": [0, 0],
          "Extra": 0
        }
      ],
      "Currency": 0,
      "Cost": 240,
      "Time": 86400,
      "Claim": false,
      "DailyOffer": false,
      "OldPrice": 399,
      "Text": "Mega Boxes",
      "Background": "offer_deepsea",
      "Processed": false,
      "TypeBenefit": 2,
      "Benefit": 40,
      "OneTimeOffer": false,
      "BigOffer": false,
      "ShopPanelLayouts": 0,
      "ShopStyleSets": 0,
      "OfferID": 37
    },
    {
      "Rewards": [
        {
          "ItemType": 12,
          "Amount": 150,
          "BrawlerID": [0, 0],
          "Extra": 0
        },
        {
          "ItemType": 21,
          "Amount": 1,
          "BrawlerID": [0, 0],
          "Extra": 0
        },
        {
          "ItemType": 10,
          "Amount": 2,
          "BrawlerID": [0, 0],
          "Extra": 0
        }
      ],
      "Currency": 0,
      "Cost": 205,
      "Time": 86400,
      "Claim": false,
      "DailyOffer": false,
      "OldPrice": 275,
      "Text": "Super Offer",
      "Background": "offer_deepsea",
      "Processed": false,
      "TypeBenefit": 2,
      "Benefit": 25,
      "OneTimeOffer": false,
      "BigOffer": false,
      "ShopPanelLayouts": 0,
      "ShopStyleSets": 0,
      "OfferID": 38
    },
    {
      "Rewards": [
        {
          "ItemType": 4,
          "Amount": 1,
          "BrawlerID": [0, 0],
          "Extra": 501
        }
      ],
      "Currency": 0,
      "Cost": 149,
      "Time": 86400,
      "Claim": true,
      "DailyOffer": false,
      "OldPrice": 0,
      "Text": "",
      "Background": "offer_deepsea",
      "Processed": false,
      "TypeBenefit": 0,
      "Benefit": 0,
      "OneTimeOffer": false,
      "BigOffer": false,
      "ShopPanelLayouts": 0,
      "ShopStyleSets": 0,
      "OfferID": 40
    },
    {
      "Rewards": [
        {
          "ItemType": 4,
          "Amount": 1,
          "BrawlerID": [0, 0],
          "Extra": 502
        }
      ],
      "Currency": 0,
      "Cost": 49,
      "Time": 86400,
      "Claim": true,
      "DailyOffer": false,
      "OldPrice": 0,
      "Text": "",
      "Background": "offer_deepsea",
      "Processed": false,
      "TypeBenefit": 0,
      "Benefit": 0,
      "OneTimeOffer": false,
      "BigOffer": false,
      "ShopPanelLayouts": 0,
      "ShopStyleSets": 0,
      "OfferID": 41
    },
    {
      "Rewards": [
        {
          "ItemType": 4,
          "Amount": 1,
          "BrawlerID": [0, 0],
          "Extra": 510
        }
      ],
      "Currency": 0,
      "Cost": 149,
      "Time": 86400,
      "Claim": true,
      "DailyOffer": false,
      "OldPrice": 0,
      "Text": "",
      "Background": "offer_deepsea",
      "Processed": false,
      "TypeBenefit": 0,
      "Benefit": 0,
      "OneTimeOffer": false,
      "BigOffer": false,
      "ShopPanelLayouts": 0,
      "ShopStyleSets": 0,
      "OfferID": 42
    },
    {
      "Rewards": [
        {
          "ItemType": 25,
          "Amount": 1,
          "BrawlerID": [0, 0],
          "Extra": 102
        }
      ],
      "Currency": 0,
      "Cost": 19,
      "Time": 86400,
      "Claim": true,
      "DailyOffer": false,
      "OldPrice": 0,
      "Text": "Player Icon",
      "Background": "offer_deepsea",
      "Processed": false,
      "TypeBenefit": 0,
      "Benefit": 0,
      "OneTimeOffer": false,
      "BigOffer": false,
      "ShopPanelLayouts": 0,
      "ShopStyleSets": 0,
      "OfferID": 43
    },
    {
      "Rewards": [
        {
          "ItemType": 4,
          "Amount": 1,
          "BrawlerID": [16, 8],
          "Extra": 79
        }
      ],
      "Currency": 0,
      "Cost": 149,
      "Time": 86400,
      "Claim": true,
      "DailyOffer": false,
      "OldPrice": 0,
      "Text": "None",
      "Background": "offer_deepsea",
      "Processed": false,
      "TypeBenefit": 0,
      "Benefit": 0,
      "OneTimeOffer": false,
      "BigOffer": false,
      "ShopPanelLayouts": 0,
      "ShopStyleSets": 0,
      "OfferID": 44
    },
    {
      "Rewards": [
        {
          "ItemType": 4,
          "Amount": 1,
          "BrawlerID": [16, 7],
          "Extra": 162
        }
      ],
      "Currency": 0,
      "Cost": 149,
      "Time": 86400,
      "Claim": true,
      "DailyOffer": false,
      "OldPrice": 0,
      "Text": "None",
      "Background": "offer_deepsea",
      "Processed": false,
      "TypeBenefit": 0,
      "Benefit": 0,
      "OneTimeOffer": false,
      "BigOffer": false,
      "ShopPanelLayouts": 0,
      "ShopStyleSets": 0,
      "OfferID": 45
    },
    {
      "Rewards": [
        {
          "ItemType": 4,
          "Amount": 1,
          "BrawlerID": [16, 29],
          "Extra": 284
        }
      ],
      "Currency": 0,
      "Cost": 79,
      "Time": 86400,
      "Claim": true,
      "DailyOffer": false,
      "OldPrice": 0,
      "Text": "None",
      "Background": "offer_deepsea",
      "Processed": false,
      "TypeBenefit": 0,
      "Benefit": 0,
      "OneTimeOffer": false,
      "BigOffer": false,
      "ShopPanelLayouts": 0,
      "ShopStyleSets": 0,
      "OfferID": 46
    },
    {
      "Rewards": [
        {
          "ItemType": 4,
          "Amount": 1,
          "BrawlerID": [16, 29],
          "Extra": 285
        }
      ],
      "Currency": 0,
      "Cost": 149,
      "Time": 86400,
      "Claim": true,
      "DailyOffer": false,
      "OldPrice": 0,
      "Text": "None",
      "Background": "offer_deepsea",
      "Processed": false,
      "TypeBenefit": 0,
      "Benefit": 0,
      "OneTimeOffer": false,
      "BigOffer": false,
      "ShopPanelLayouts": 0,
      "ShopStyleSets": 0,
      "OfferID": 47
    },
    {
      "Rewards": [
        {
          "ItemType": 4,
          "Amount": 1,
          "BrawlerID": [16, 31],
          "Extra": 506
        }
      ],
      "Currency": 0,
      "Cost": 79,
      "Time": 86400,
      "Claim": true,
      "DailyOffer": false,
      "OldPrice": 0,
      "Text": "None",
      "Background": "offer_deepsea",
      "Processed": false,
      "TypeBenefit": 0,
      "Benefit": 0,
      "OneTimeOffer": false,
      "BigOffer": false,
      "ShopPanelLayouts": 0,
      "ShopStyleSets": 0,
      "OfferID": 48
    },
    {
      "Rewards": [
        {
          "ItemType": 25,
          "Amount": 1,
          "BrawlerID": [0, 0],
          "Extra": 104
        },
        {
          "ItemType": 1,
          "Amount": 2500,
          "BrawlerID": [0, 0],
          "Extra": 0
        },
        {
          "ItemType": 12,
          "Amount": 150,
          "BrawlerID": [0, 0],
          "Extra": 0
        }
      ],
      "Currency": 0,
      "Cost": 259,
      "Time": 86400,
      "Claim": false,
      "DailyOffer": false,
      "OldPrice": 369,
      "Text": "Super Offer",
      "Background": "offer_stuntshow",
      "Processed": false,
      "TypeBenefit": 3,
      "Benefit": 30,
      "OneTimeOffer": false,
      "BigOffer": false,
      "ShopPanelLayouts": 0,
      "ShopStyleSets": 0,
      "OfferID": 49
    },
    {
      "Rewards": [
        {
          "ItemType": 10,
          "Amount": 10,
          "BrawlerID": [0, 0],
          "Extra": 0
        }
      ],
      "Currency": 0,
      "Cost": 319,
      "Time": 86400,
      "Claim": false,
      "DailyOffer": false,
      "OldPrice": 789,
      "Text": "Mega Boxes",
      "Background": "offer_stuntshow",
      "Processed": false,
      "TypeBenefit": 2,
      "Benefit": 60,
      "OneTimeOffer": false,
      "BigOffer": false,
      "ShopPanelLayouts": 0,
      "ShopStyleSets": 0,
      "OfferID": 50
    },
    {
      "Rewards": [
        {
          "ItemType": 1,
          "Amount": 2000,
          "BrawlerID": [0, 0],
          "Extra": 0
        },
        {
          "ItemType": 21,
          "Amount": 1,
          "BrawlerID": [0, 0],
          "Extra": 0
        }
      ],
      "Currency": 0,
      "Cost": 169,
      "Time": 86400,
      "Claim": true,
      "DailyOffer": false,
      "OldPrice": 259,
      "Text": "Golden Set",
      "Background": "offer_stuntshow",
      "Processed": false,
      "TypeBenefit": 2,
      "Benefit": 20,
      "OneTimeOffer": false,
      "BigOffer": false,
      "ShopPanelLayouts": 0,
      "ShopStyleSets": 0,
      "OfferID": 51
    },
    {
      "Rewards": [
        {
          "ItemType": 23,
          "Amount": 1,
          "BrawlerID": [0, 0],
          "Extra": 2
        }
      ],
      "Currency": 0,
      "Cost": 39,
      "Time": 86400,
      "Claim": false,
      "DailyOffer": false,
      "OldPrice": 50,
      "Text": "Epic Pin",
      "Background": "offer_stuntshow",
      "Processed": false,
      "TypeBenefit": 0,
      "Benefit": 0,
      "OneTimeOffer": false,
      "BigOffer": false,
      "ShopPanelLayouts": 0,
      "ShopStyleSets": 0,
      "OfferID": 54
    },
    {
      "Rewards": [
        {
          "ItemType": 25,
          "Amount": 1,
          "BrawlerID": [0, 0],
          "Extra": 103
        }
      ],
      "Currency": 0,
      "Cost": 19,
      "Time": 86400,
      "Claim": true,
      "DailyOffer": false,
      "OldPrice": 0,
      "Text": "TID_REWARD_DESC_PLAYER_ICON_REGULAR",
      "Background": "offer_stuntshow",
      "Processed": false,
      "TypeBenefit": 0,
      "Benefit": 0,
      "OneTimeOffer": false,
      "BigOffer": false,
      "ShopPanelLayouts": 0,
      "ShopStyleSets": 0,
      "OfferID": 56
    },
    {
      "Rewards": [
        {
          "ItemType": 3,
          "Amount": 1,
          "BrawlerID": [16, 17],
          "Extra": 0
        },
        {
          "ItemType": 4,
          "Amount": 1,
          "BrawlerID": [16, 17],
          "Extra": 509
        }
      ],
      "Currency": 0,
      "Cost": 249,
      "Time": 86400,
      "Claim": false,
      "DailyOffer": false,
      "OldPrice": 509,
      "Text": "Brawler Tara + New Skin",
      "Background": "offer_stuntshow",
      "Processed": false,
      "TypeBenefit": 3,
      "Benefit": 50,
      "OneTimeOffer": false,
      "BigOffer": true,
      "ShopPanelLayouts": 1,
      "ShopStyleSets": -1,
      "OfferID": 57
    },
    {
      "Rewards": [
        {
          "ItemType": 3,
          "Amount": 1,
          "BrawlerID": [16, 20],
          "Extra": 0
        },
        {
          "ItemType": 21,
          "Amount": 1,
          "BrawlerID": [0, 0],
          "Extra": 0
        }
      ],
      "Currency": 0,
      "Cost": 149,
      "Time": 86400,
      "Claim": false,
      "DailyOffer": false,
      "OldPrice": 219,
      "Text": "None",
      "Background": "offer_deepsea",
      "Processed": false,
      "TypeBenefit": 3,
      "Benefit": 30,
      "OneTimeOffer": false,
      "BigOffer": false,
      "ShopPanelLayouts": 0,
      "ShopStyleSets": 0,
      "OfferID": 58
    },
    {
      "Rewards": [
        {
          "ItemType": 12,
          "Amount": 500,
          "BrawlerID": [0, 0],
          "Extra": 0
        },
        {
          "ItemType": 1,
          "Amount": 1000,
          "BrawlerID": [0, 0],
          "Extra": 0
        }
      ],
      "Currency": 0,
      "Cost": 219,
      "Time": 86400,
      "Claim": false,
      "DailyOffer": false,
      "OldPrice": 299,
      "Text": "None",
      "Background": "offer_deepsea",
      "Processed": false,
      "TypeBenefit": 0,
      "Benefit": 0,
      "OneTimeOffer": false,
      "BigOffer": false,
      "ShopPanelLayouts": 0,
      "ShopStyleSets": 0,
      "OfferID": 59
    },
    {
      "Rewards": [
        {
          "ItemType": 4,
          "Amount": 1,
          "BrawlerID": [16, 1],
          "Extra": 537
        }
      ],
      "Currency": 0,
      "Cost": 79,
      "Time": 86400,
      "Claim": false,
      "DailyOffer": false,
      "OldPrice": 0,
      "Text": "",
      "Background": "offer_deepsea",
      "Processed": false,
      "TypeBenefit": 0,
      "Benefit": 0,
      "OneTimeOffer": false,
      "BigOffer": false,
      "ShopPanelLayouts": 0,
      "ShopStyleSets": 0,
      "OfferID": 61
    },
    {
      "Rewards": [
        {
          "ItemType": 4,
          "Amount": 1,
          "BrawlerID": [16, 46],
          "Extra": 539
        }
      ],
      "Currency": 0,
      "Cost": 149,
      "Time": 86400,
      "Claim": false,
      "DailyOffer": false,
      "OldPrice": 0,
      "Text": "",
      "Background": "offer_deepsea",
      "Processed": false,
      "TypeBenefit": 0,
      "Benefit": 0,
      "OneTimeOffer": false,
      "BigOffer": false,
      "ShopPanelLayouts": 0,
      "ShopStyleSets": 0,
      "OfferID": 62
    },
    {
      "Rewards": [
        {
          "ItemType": 4,
          "Amount": 1,
          "BrawlerID": [16, 54],
          "Extra": 540
        }
      ],
      "Currency": 0,
      "Cost": 79,
      "Time": 86400,
      "Claim": false,
      "DailyOffer": false,
      "OldPrice": 0,
      "Text": "",
      "Background": "offer_deepsea",
      "Processed": false,
      "TypeBenefit": 0,
      "Benefit": 0,
      "OneTimeOffer": false,
      "BigOffer": false,
      "ShopPanelLayouts": 0,
      "ShopStyleSets": 0,
      "OfferID": 63
    },
    {
      "Rewards": [
        {
          "ItemType": 25,
          "Amount": 1,
          "BrawlerID": [0, 0],
          "Extra": 115
        }
      ],
      "Currency": 0,
      "Cost": 19,
      "Time": 86400,
      "Claim": false,
      "DailyOffer": false,
      "OldPrice": 0,
      "Text": "TID_REWARD_DESC_PLAYER_ICON_REGULAR",
      "Background": "offer_deepsea",
      "Processed": false,
      "TypeBenefit": 0,
      "Benefit": 0,
      "OneTimeOffer": false,
      "BigOffer": false,
      "ShopPanelLayouts": 0,
      "ShopStyleSets": 0,
      "OfferID": 65
    },
    {
      "Rewards": [
        {
          "ItemType": 12,
          "Amount": 500,
          "BrawlerID": [0, 0],
          "Extra": 0
        },
        {
          "ItemType": 1,
          "Amount": 500,
          "BrawlerID": [0, 0],
          "Extra": 0
        },
        {
          "ItemType": 10,
          "Amount": 3,
          "BrawlerID": [0, 0],
          "Extra": 0
        }
      ],
      "Currency": 0,
      "Cost": 279,
      "Time": 86400,
      "Claim": false,
      "DailyOffer": false,
      "OldPrice": 399,
      "Text": "None",
      "Background": "offer_deepsea",
      "Processed": false,
      "TypeBenefit": 3,
      "Benefit": 30,
      "OneTimeOffer": false,
      "BigOffer": false,
      "ShopPanelLayouts": 0,
      "ShopStyleSets": 0,
      "OfferID": 66
    },
    {
      "Rewards": [
        {
          "ItemType": 25,
          "Amount": 1,
          "BrawlerID": [0, 0],
          "Extra": 101
        }
      ],
      "Currency": 0,
      "Cost": 19,
      "Time": 86400,
      "Claim": false,
      "DailyOffer": false,
      "OldPrice": 0,
      "Text": "None",
      "Background": "offer_deepsea",
      "Processed": false,
      "TypeBenefit": 0,
      "Benefit": 0,
      "OneTimeOffer": false,
      "BigOffer": false,
      "ShopPanelLayouts": 0,
      "ShopStyleSets": 0,
      "OfferID": 67
    },
    {
      "Rewards": [
        {
          "ItemType": 3,
          "Amount": 1,
          "BrawlerID": [16, 38],
          "Extra": 38
        },
        {
          "ItemType": 4,
          "Amount": 1,
          "BrawlerID": [16, 38],
          "Extra": 292
        }
      ],
      "Currency": 0,
      "Cost": 179,
      "Time": 86400,
      "Claim": false,
      "DailyOffer": false,
      "OldPrice": 219,
      "Text": "None",
      "Background": "offer_deepsea",
      "Processed": false,
      "TypeBenefit": 3,
      "Benefit": 20,
      "OneTimeOffer": false,
      "BigOffer": false,
      "ShopPanelLayouts": 0,
      "ShopStyleSets": 0,
      "OfferID": 68
    },
    {
      "Rewards": [
        {
          "ItemType": 10,
          "Amount": 3,
          "BrawlerID": [0, 0],
          "Extra": 0
        }
      ],
      "Currency": 0,
      "Cost": 79,
      "Time": 86400,
      "Claim": false,
      "DailyOffer": false,
      "OldPrice": 789,
      "Text": "None",
      "Background": "offer_deepsea",
      "Processed": false,
      "TypeBenefit": 1,
      "Benefit": 3,
      "OneTimeOffer": false,
      "BigOffer": false,
      "ShopPanelLayouts": 0,
      "ShopStyleSets": 0,
      "OfferID": 69
    },
    {
      "Rewards": [
        {
          "ItemType": 12,
          "Amount": 250,
          "BrawlerID": [0, 0],
          "Extra": 0
        },
        {
          "ItemType": 1,
          "Amount": 500,
          "BrawlerID": [0, 0],
          "Extra": 0
        }
      ],
      "Currency": 0,
      "Cost": 119,
      "Time": 86400,
      "Claim": false,
      "DailyOffer": false,
      "OldPrice": 0,
      "Text": "None",
      "Background": "offer_deepsea",
      "Processed": false,
      "TypeBenefit": 2,
      "Benefit": 60,
      "OneTimeOffer": false,
      "BigOffer": false,
      "ShopPanelLayouts": 0,
      "ShopStyleSets": 0,
      "OfferID": 70
    },
    {
      "Rewards": [
        {
          "ItemType": 27,
          "Amount": 1,
          "BrawlerID": [0, 0],
          "Extra": 0
        }
      ],
      "Currency": 0,
      "Cost": 29,
      "Time": 86400,
      "Claim": false,
      "DailyOffer": false,
      "OldPrice": 0,
      "Text": "None",
      "Background": "offer_deepsea",
      "Processed": false,
      "TypeBenefit": 0,
      "Benefit": 0,
      "OneTimeOffer": false,
      "BigOffer": false,
      "ShopPanelLayouts": 0,
      "ShopStyleSets": 0,
      "OfferID": 71
    },
    {
      "Rewards": [
        {
          "ItemType": 27,
          "Amount": 1,
          "BrawlerID": [0, 0],
          "Extra": 2
        }
      ],
      "Currency": 0,
      "Cost": 99,
      "Time": 86400,
      "Claim": false,
      "DailyOffer": false,
      "OldPrice": 0,
      "Text": "None",
      "Background": "offer_deepsea",
      "Processed": false,
      "TypeBenefit": 0,
      "Benefit": 0,
      "OneTimeOffer": false,
      "BigOffer": false,
      "ShopPanelLayouts": 0,
      "ShopStyleSets": 0,
      "OfferID": 72
    },
    {
      "Rewards": [
        {
          "ItemType": 4,
          "Amount": 1,
          "BrawlerID": [16, 12],
          "Extra": 342
        }
      ],
      "Currency": 0,
      "Cost": 119,
      "Time": 86400,
      "Claim": true,
      "DailyOffer": false,
      "OldPrice": 149,
      "Text": "None",
      "Background": "None",
      "Processed": false,
      "TypeBenefit": 0,
      "Benefit": 0,
      "OneTimeOffer": false,
      "BigOffer": false,
      "ShopPanelLayouts": 0,
      "ShopStyleSets": 0,
      "OfferID": 73
    },
    {
      "Rewards": [
        {
          "ItemType": 4,
          "Amount": 1,
          "BrawlerID": [16, 48],
          "Extra": 343
        }
      ],
      "Currency": 0,
      "Cost": 109,
      "Time": 86400,
      "Claim": true,
      "DailyOffer": false,
      "OldPrice": 149,
      "Text": "None",
      "Background": "None",
      "Processed": false,
      "TypeBenefit": 0,
      "Benefit": 0,
      "OneTimeOffer": false,
      "BigOffer": false,
      "ShopPanelLayouts": 0,
      "ShopStyleSets": 0,
      "OfferID": 74
    },
    {
      "Rewards": [
        {
          "ItemType": 4,
          "Amount": 1,
          "BrawlerID": [16, 44],
          "Extra": 345
        }
      ],
      "Currency": 0,
      "Cost": 39,
      "Time": 86400,
      "Claim": true,
      "DailyOffer": false,
      "OldPrice": 49,
      "Text": "None",
      "Background": "None",
      "Processed": false,
      "TypeBenefit": 0,
      "Benefit": 0,
      "OneTimeOffer": false,
      "BigOffer": false,
      "ShopPanelLayouts": 0,
      "ShopStyleSets": 0,
      "OfferID": 75
    },
    {
      "Rewards": [
        {
          "ItemType": 4,
          "Amount": 1,
          "BrawlerID": [16, 22],
          "Extra": 463
        }
      ],
      "Currency": 0,
      "Cost": 79,
      "Time": 86400,
      "Claim": true,
      "DailyOffer": false,
      "OldPrice": 0,
      "Text": "None",
      "Background": "None",
      "Processed": false,
      "TypeBenefit": 0,
      "Benefit": 0,
      "OneTimeOffer": false,
      "BigOffer": false,
      "ShopPanelLayouts": 0,
      "ShopStyleSets": 0,
      "OfferID": 77
    },
    {
      "Rewards": [
        {
          "ItemType": 4,
          "Amount": 1,
          "BrawlerID": [16, 26],
          "Extra": 465
        }
      ],
      "Currency": 0,
      "Cost": 149,
      "Time": 86400,
      "Claim": true,
      "DailyOffer": false,
      "OldPrice": 0,
      "Text": "None",
      "Background": "None",
      "Processed": false,
      "TypeBenefit": 0,
      "Benefit": 0,
      "OneTimeOffer": false,
      "BigOffer": false,
      "ShopPanelLayouts": 0,
      "ShopStyleSets": 0,
      "OfferID": 78
    },
    {
      "Rewards": [
        {
          "ItemType": 4,
          "Amount": 1,
          "BrawlerID": [16, 28],
          "Extra": 466
        }
      ],
      "Currency": 0,
      "Cost": 149,
      "Time": 86400,
      "Claim": true,
      "DailyOffer": false,
      "OldPrice": 0,
      "Text": "None",
      "Background": "None",
      "Processed": false,
      "TypeBenefit": 0,
      "Benefit": 0,
      "OneTimeOffer": false,
      "BigOffer": false,
      "ShopPanelLayouts": 0,
      "ShopStyleSets": 0,
      "OfferID": 79
    },
    {
      "Rewards": [
        {
          "ItemType": 4,
          "Amount": 1,
          "BrawlerID": [16, 2],
          "Extra": 495
        }
      ],
      "Currency": 0,
      "Cost": 149,
      "Time": 86400,
      "Claim": true,
      "DailyOffer": false,
      "OldPrice": 0,
      "Text": "None",
      "Background": "None",
      "Processed": false,
      "TypeBenefit": 0,
      "Benefit": 0,
      "OneTimeOffer": false,
      "BigOffer": false,
      "ShopPanelLayouts": 0,
      "ShopStyleSets": 0,
      "OfferID": 80
    },
    {
      "Rewards": [
        {
          "ItemType": 4,
          "Amount": 1,
          "BrawlerID": [16, 34],
          "Extra": 499
        }
      ],
      "Currency": 0,
      "Cost": 149,
      "Time": 86400,
      "Claim": true,
      "DailyOffer": false,
      "OldPrice": 0,
      "Text": "None",
      "Background": "None",
      "Processed": false,
      "TypeBenefit": 0,
      "Benefit": 0,
      "OneTimeOffer": false,
      "BigOffer": false,
      "ShopPanelLayouts": 0,
      "ShopStyleSets": 0,
      "OfferID": 81
    },
    {
      "Rewards": [
        {
          "ItemType": 4,
          "Amount": 1,
          "BrawlerID": [16, 43],
          "Extra": 500
        }
      ],
      "Currency": 0,
      "Cost": 149,
      "Time": 86400,
      "Claim": true,
      "DailyOffer": false,
      "OldPrice": 0,
      "Text": "None",
      "Background": "None",
      "Processed": false,
      "TypeBenefit": 0,
      "Benefit": 0,
      "OneTimeOffer": false,
      "BigOffer": false,
      "ShopPanelLayouts": 0,
      "ShopStyleSets": 0,
      "OfferID": 82
    },
    {
      "Rewards": [
        {
          "ItemType": 4,
          "Amount": 1,
          "BrawlerID": [16, 44],
          "Extra": 532
        }
      ],
      "Currency": 0,
      "Cost": 149,
      "Time": 86400,
      "Claim": true,
      "DailyOffer": false,
      "OldPrice": 0,
      "Text": "None",
      "Background": "None",
      "Processed": false,
      "TypeBenefit": 0,
      "Benefit": 0,
      "OneTimeOffer": false,
      "BigOffer": false,
      "ShopPanelLayouts": 0,
      "ShopStyleSets": 0,
      "OfferID": 83
    },
    {
      "Rewards": [
        {
          "ItemType": 27,
          "Amount": 1,
          "BrawlerID": [0, 0],
          "Extra": 1
        }
      ],
      "Currency": 0,
      "Cost": 49,
      "Time": 86400,
      "Claim": false,
      "DailyOffer": false,
      "OldPrice": 0,
      "Text": "TID_SHOP_OFFER_TITLE_21",
      "Background": "offer_bt21",
      "Processed": false,
      "TypeBenefit": 0,
      "Benefit": 0,
      "OneTimeOffer": false,
      "BigOffer": false,
      "ShopPanelLayouts": 0,
      "ShopStyleSets": 0,
      "OfferID": 85
    }
  ]
}