[
   {
      "ID":148,
      "Status":0,
      "CountdownTimer": 0,
      "Timer": 99999,
      "TokensReward": 0,
      "Modifier": 0
   },
   {
      "ID":101,
      "Status":0,
      "CountdownTimer": 0,
      "Timer": 99999,
      "TokensReward": 0,
      "Modifier": 1
   },
   {
      "ID":24,
      "Status":0,
      "CountdownTimer": 0,
      "Timer": 99999,
      "TokensReward": 0,
      "Modifier":0
   },
   {
      "ID":72,
      "Status":0,
      "CountdownTimer": 0,
      "Timer": 99999,
      "TokensReward": 0,
      "Modifier":0
   },
   {
      "ID":102,
      "Status":0,
      "CountdownTimer": 0,
      "Timer": 99999,
      "TokensReward": 0,
      "Modifier": 1
   },
   {
      "ID":159,
      "Status":0,
      "CountdownTimer": 0,
      "Timer": 99999,
      "TokensReward": 0,
      "Modifier": 0
   },
   {
      "ID":65,
      "Status":0,
      "CountdownTimer": 0,
      "Timer": 99999,
      "TokensReward": 0,
      "Modifier": 0
   },
   {
      "ID":477,
      "Status":0,
      "CountdownTimer": 0,
      "Timer": 99999,
      "TokensReward": 0,
      "Modifier": 0
   },
   {
      "ID":0 ,
      "Status":0,
      "CountdownTimer": 0,
      "Timer": 99999,
      "TokensReward": 0,
      "Modifier": 0
   },
   {
      "ID":221,
      "Status":0,
      "CountdownTimer": 0,
      "Timer": 99999,
      "TokensReward": 0,
      "Modifier": 0
   },
   {
      "ID":221,
      "Status":0,
      "CountdownTimer": 0,
      "Timer": 99999,
      "TokensReward": 0,
      "Modifier": 0
   },
   {
      "ID":93,
      "Status":0,
      "CountdownTimer": 0,
      "Timer": 99999,
      "TokensReward": 0,
      "Modifier": 0
   },
   {
      "ID":292,
      "Status":0,
      "CountdownTimer": 0,
      "Timer": 99999,
      "TokensReward": 0,
      "Modifier": 0
   }
]
