{
  "Offers": [
    {
      "Rewards": [
        {
          "ItemType": 0,
          "Amount": 1,
          "BrawlerID": [0, 0],
          "Extra": 0
        }
      ],
      "Currency": 0,
      "Cost": 0,
      "Time": 86400,
      "Claim": false,
      "DailyOffer": true,
      "OldPrice": 0,
      "Text": "None",
      "Background": "offer_biodome",
      "Processed": false,
      "TypeBenefit": 0,
      "Benefit": 0,
      "OneTimeOffer": false
    },
    {
      "Rewards": [
        {
          "ItemType": 10,
          "Amount": 1,
          "BrawlerID": [0, 0],
          "Extra": 0
        }
      ],
      "Currency": 0,
      "Cost": 60,
      "Time": 86400,
      "Claim": false,
      "DailyOffer": true,
      "OldPrice": 0,
      "Text": "None",
      "Background": "offer_biodome",
      "Processed": false,
      "TypeBenefit": 0,
      "Benefit": 0,
      "OneTimeOffer": false
    },
    {
      "Rewards": [
        {
          "ItemType": 8,
          "Amount": 147,
          "BrawlerID": [16, 45],
          "Extra": 45
        }
      ],
      "Currency": 1,
      "Cost": 294,
      "Time": 86400,
      "Claim": true,
      "DailyOffer": true,
      "OldPrice": 0,
      "Text": "None",
      "Background": "offer_biodome",
      "Processed": false,
      "TypeBenefit": 0,
      "Benefit": 0,
      "OneTimeOffer": false
    },
    {
      "Rewards": [
        {
          "ItemType": 8,
          "Amount": 95,
          "BrawlerID": [16, 50],
          "Extra": 50
        }
      ],
      "Currency": 1,
      "Cost": 190,
      "Time": 86400,
      "Claim": true,
      "DailyOffer": true,
      "OldPrice": 0,
      "Text": "None",
      "Background": "offer_biodome",
      "Processed": false,
      "TypeBenefit": 0,
      "Benefit": 0,
      "OneTimeOffer": false
    },
    {
      "Rewards": [
        {
          "ItemType": 8,
          "Amount": 45,
          "BrawlerID": [16, 32],
          "Extra": 32
        }
      ],
      "Currency": 1,
      "Cost": 90,
      "Time": 86400,
      "Claim": true,
      "DailyOffer": true,
      "OldPrice": 0,
      "Text": "None",
      "Background": "offer_biodome",
      "Processed": false,
      "TypeBenefit": 0,
      "Benefit": 0,
      "OneTimeOffer": false
    },
    {
      "Rewards": [
        {
          "ItemType": 8,
          "Amount": 31,
          "BrawlerID": [16, 24],
          "Extra": 24
        }
      ],
      "Currency": 1,
      "Cost": 62,
      "Time": 86400,
      "Claim": true,
      "DailyOffer": true,
      "OldPrice": 0,
      "Text": "None",
      "Background": "offer_biodome",
      "Processed": false,
      "TypeBenefit": 0,
      "Benefit": 0,
      "OneTimeOffer": false
    },
    {
      "Rewards": [
        {
          "ItemType": 4,
          "Amount": 1,
          "BrawlerID": [16, 14],
          "Extra": 244
        }
      ],
      "Currency": 0,
      "Cost": 29,
      "Time": 86400,
      "Claim": false,
      "DailyOffer": false,
      "OldPrice": 0,
      "Text": "None",
      "Background": "offer_biodome",
      "Processed": false,
      "TypeBenefit": 0,
      "Benefit": 0,
      "OneTimeOffer": false
    },
    {
      "Rewards": [
        {
          "ItemType": 4,
          "Amount": 1,
          "BrawlerID": [16, 38],
          "Extra": 415
        }
      ],
      "Currency": 0,
      "Cost": 79,
      "Time": 86400,
      "Claim": false,
      "DailyOffer": false,
      "OldPrice": 0,
      "Text": "None",
      "Background": "offer_biodome",
      "Processed": false,
      "TypeBenefit": 0,
      "Benefit": 0,
      "OneTimeOffer": false
    },
    {
      "Rewards": [
        {
          "ItemType": 4,
          "Amount": 1,
          "BrawlerID": [16, 25],
          "Extra": 421
        }
      ],
      "Currency": 1,
      "Cost": 10000,
      "Time": 86400,
      "Claim": false,
      "DailyOffer": false,
      "OldPrice": 0,
      "Text": "None",
      "Background": "offer_biodome",
      "Processed": false,
      "TypeBenefit": 0,
      "Benefit": 0,
      "OneTimeOffer": false
    },
    {
      "Rewards": [
        {
          "ItemType": 4,
          "Amount": 1,
          "BrawlerID": [16, 6],
          "Extra": 355
        }
      ],
      "Currency": 0,
      "Cost": 79,
      "Time": 86400,
      "Claim": false,
      "DailyOffer": false,
      "OldPrice": 0,
      "Text": "None",
      "Background": "offer_biodome",
      "Processed": false,
      "TypeBenefit": 0,
      "Benefit": 0,
      "OneTimeOffer": false
    },
    {
      "Rewards": [
        {
          "ItemType": 4,
          "Amount": 1,
          "BrawlerID": [16, 15],
          "Extra": 380
        }
      ],
      "Currency": 0,
      "Cost": 79,
      "Time": 86400,
      "Claim": false,
      "DailyOffer": false,
      "OldPrice": 0,
      "Text": "None",
      "Background": "offer_biodome",
      "Processed": false,
      "TypeBenefit": 0,
      "Benefit": 0,
      "OneTimeOffer": false
    },
    {
      "Rewards": [
        {
          "ItemType": 4,
          "Amount": 1,
          "BrawlerID": [16, 36],
          "Extra": 232
        }
      ],
      "Currency": 0,
      "Cost": 79,
      "Time": 86400,
      "Claim": false,
      "DailyOffer": false,
      "OldPrice": 0,
      "Text": "None",
      "Background": "offer_biodome",
      "Processed": false,
      "TypeBenefit": 0,
      "Benefit": 0,
      "OneTimeOffer": false
    },
    {
      "Rewards": [
        {
          "ItemType": 4,
          "Amount": 1,
          "BrawlerID": [16, 10],
          "Extra": 358
        }
      ],
      "Currency": 0,
      "Cost": 149,
      "Time": 86400,
      "Claim": false,
      "DailyOffer": false,
      "OldPrice": 0,
      "Text": "None",
      "Background": "offer_biodome",
      "Processed": false,
      "TypeBenefit": 0,
      "Benefit": 0,
      "OneTimeOffer": false
    },
    {
      "Rewards": [
        {
          "ItemType": 4,
          "Amount": 1,
          "BrawlerID": [16, 32],
          "Extra": 309
        }
      ],
      "Currency": 0,
      "Cost": 79,
      "Time": 86400,
      "Claim": false,
      "DailyOffer": false,
      "OldPrice": 0,
      "Text": "None",
      "Background": "offer_biodome",
      "Processed": false,
      "TypeBenefit": 0,
      "Benefit": 0,
      "OneTimeOffer": false
    },
    {
      "Rewards": [
        {
          "ItemType": 4,
          "Amount": 1,
          "BrawlerID": [16, 14],
          "Extra": 99
        }
      ],
      "Currency": 3,
      "Cost": 50000,
      "Time": 86400,
      "Claim": false,
      "DailyOffer": false,
      "OldPrice": 0,
      "Text": "None",
      "Background": "offer_biodome",
      "Processed": false,
      "TypeBenefit": 0,
      "Benefit": 0,
      "OneTimeOffer": false
    },
    {
      "Rewards": [
        {
          "ItemType": 4,
          "Amount": 1,
          "BrawlerID": [16, 25],
          "Extra": 266
        }
      ],
      "Currency": 3,
      "Cost": 10000,
      "Time": 86400,
      "Claim": false,
      "DailyOffer": false,
      "OldPrice": 0,
      "Text": "None",
      "Background": "offer_biodome",
      "Processed": false,
      "TypeBenefit": 0,
      "Benefit": 0,
      "OneTimeOffer": false
    },
    {
      "Rewards": [
        {
          "ItemType": 4,
          "Amount": 1,
          "BrawlerID": [16, 6],
          "Extra": 432
        }
      ],
      "Currency": 0,
      "Cost": 149,
      "Time": 86400,
      "Claim": true,
      "DailyOffer": false,
      "OldPrice": 0,
      "Text": "None",
      "Background": "offer_biodome",
      "Processed": false,
      "TypeBenefit": 0,
      "Benefit": 0,
      "OneTimeOffer": false
    },
    {
      "Rewards": [
        {
          "ItemType": 4,
          "Amount": 1,
          "BrawlerID": [16, 43],
          "Extra": 433
        }
      ],
      "Currency": 0,
      "Cost": 149,
      "Time": 86400,
      "Claim": true,
      "DailyOffer": false,
      "OldPrice": 0,
      "Text": "None",
      "Background": "offer_biodome",
      "Processed": false,
      "TypeBenefit": 0,
      "Benefit": 0,
      "OneTimeOffer": false
    },
    {
      "Rewards": [
        {
          "ItemType": 4,
          "Amount": 1,
          "BrawlerID": [16, 10],
          "Extra": 434
        }
      ],
      "Currency": 0,
      "Cost": 149,
      "Time": 86400,
      "Claim": true,
      "DailyOffer": false,
      "OldPrice": 0,
      "Text": "None",
      "Background": "offer_biodome",
      "Processed": false,
      "TypeBenefit": 0,
      "Benefit": 0,
      "OneTimeOffer": false
    },
    {
      "Rewards": [
        {
          "ItemType": 4,
          "Amount": 1,
          "BrawlerID": [16, 8],
          "Extra": 435
        }
      ],
      "Currency": 3,
      "Cost": 25000,
      "Time": 86400,
      "Claim": true,
      "DailyOffer": false,
      "OldPrice": 0,
      "Text": "None",
      "Background": "offer_biodome",
      "Processed": false,
      "TypeBenefit": 0,
      "Benefit": 0,
      "OneTimeOffer": false
    },
    {
      "Rewards": [
        {
          "ItemType": 4,
          "Amount": 1,
          "BrawlerID": [16, 24],
          "Extra": 441
        }
      ],
      "Currency": 0,
      "Cost": 149,
      "Time": 86400,
      "Claim": true,
      "DailyOffer": false,
      "OldPrice": 0,
      "Text": "None",
      "Background": "offer_biodome",
      "Processed": false,
      "TypeBenefit": 0,
      "Benefit": 0,
      "OneTimeOffer": false
    },
    {
      "Rewards": [
        {
          "ItemType": 12,
          "Amount": 250,
          "BrawlerID": [0, 0],
          "Extra": 0
        }
      ],
      "Currency": 0,
      "Cost": 0,
      "Time": 86400,
      "Claim": false,
      "DailyOffer": false,
      "OldPrice": 0,
      "Text": "Gift🎁",
      "Background": "offer_biodome",
      "Processed": false,
      "TypeBenefit": 0,
      "Benefit": 0,
      "OneTimeOffer": false
    },
    {
      "Rewards": [
        {
          "ItemType": 3,
          "Amount": 1,
          "BrawlerID": [16, 52],
          "Extra": 0
        }
      ],
      "Currency": 0,
      "Cost": 109,
      "Time": 86400,
      "Claim": false,
      "DailyOffer": false,
      "OldPrice": 699,
      "Text": "Brawler",
      "Background": "offer_retro",
      "Processed": false,
      "TypeBenefit": 0,
      "Benefit": 0,
      "OneTimeOffer": false
    },
    {
      "Rewards": [
        {
          "ItemType": 30,
          "Amount": 11,
          "BrawlerID": [16, 51],
          "Extra": 0
        }
      ],
      "Currency": 0,
      "Cost": 229,
      "Time": 86400,
      "Claim": false,
      "DailyOffer": false,
      "OldPrice": 699,
      "Text": "Brawler with LVL",
      "Background": "offer_fairytale",
      "Processed": false,
      "TypeBenefit": 0,
      "Benefit": 0,
      "OneTimeOffer": false
    },
    {
      "Rewards": [
        {
          "ItemType": 3,
          "Amount": 1,
          "BrawlerID": [16, 43],
          "Extra": 0
        },
        {
          "ItemType": 4,
          "Amount": 1,
          "BrawlerID": [0, 0],
          "Extra": 280
        }
      ],
      "Currency": 0,
      "Cost": 0,
      "Time": 86400,
      "Claim": false,
      "DailyOffer": false,
      "OldPrice": 0,
      "Text": "Server opening gift!",
      "Background": "offer_vault",
      "Processed": false,
      "TypeBenefit": 0,
      "Benefit": 0,
      "OneTimeOffer": false
    },
    {
      "Rewards": [
        {
          "ItemType": 16,
          "Amount": 499,
          "BrawlerID": [0, 0],
          "Extra": 0
        }
      ],
      "Currency": 0,
      "Cost": 0,
      "Time": 86400,
      "Claim": false,
      "DailyOffer": false,
      "OldPrice": 0,
      "Text": "Gift!",
      "Background": "offer_vault",
      "Processed": false,
      "TypeBenefit": 0,
      "Benefit": 0,
      "OneTimeOffer": false
    },
    {
      "Rewards": [
        {
          "ItemType": 21,
          "Amount": 1,
          "BrawlerID": [0, 0],
          "Extra": 0
        }
      ],
      "Currency": 0,
      "Cost": 0,
      "Time": 86400,
      "Claim": false,
      "DailyOffer": false,
      "OldPrice": 0,
      "Text": "Gift Pinpack",
      "Background": "offer_vault",
      "Processed": false,
      "TypeBenefit": 0,
      "Benefit": 0,
      "OneTimeOffer": false
    },
    {
      "Rewards": [
        {
          "ItemType": 10,
          "Amount": 1,
          "BrawlerID": [0, 0],
          "Extra": 0
        }
      ],
      "Currency": 0,
      "Cost": 39,
      "Time": 86400,
      "Claim": false,
      "DailyOffer": false,
      "OldPrice": 79,
      "Text": "Mega Box",
      "Background": "offer_biodome",
      "Processed": false,
      "TypeBenefit": 0,
      "Benefit": 0,
      "OneTimeOffer": false
    },
    {
      "Rewards": [
        {
          "ItemType": 4,
          "Amount": 1,
          "BrawlerID": [16, 43],
          "Extra": 462
        }
      ],
      "Currency": 0,
      "Cost": 149,
      "Time": 86400,
      "Claim": false,
      "DailyOffer": false,
      "OldPrice": 0,
      "Text": "None",
      "Background": "offer_biodome",
      "Processed": false,
      "TypeBenefit": 0,
      "Benefit": 0,
      "OneTimeOffer": false
    },
    {
      "Rewards": [
        {
          "ItemType": 4,
          "Amount": 1,
          "BrawlerID": [16, 4],
          "Extra": 463
        }
      ],
      "Currency": 0,
      "Cost": 79,
      "Time": 86400,
      "Claim": false,
      "DailyOffer": false,
      "OldPrice": 0,
      "Text": "None",
      "Background": "offer_biodome",
      "Processed": false,
      "TypeBenefit": 0,
      "Benefit": 0,
      "OneTimeOffer": false
    },
    {
      "Rewards": [
        {
          "ItemType": 4,
          "Amount": 1,
          "BrawlerID": [16, 52],
          "Extra": 464
        }
      ],
      "Currency": 0,
      "Cost": 79,
      "Time": 86400,
      "Claim": false,
      "DailyOffer": false,
      "OldPrice": 0,
      "Text": "None",
      "Background": "offer_biodome",
      "Processed": false,
      "TypeBenefit": 0,
      "Benefit": 0,
      "OneTimeOffer": false
    },
    {
      "Rewards": [
        {
          "ItemType": 4,
          "Amount": 1,
          "BrawlerID": [16, 31],
          "Extra": 468
        }
      ],
      "Currency": 0,
      "Cost": 79,
      "Time": 86400,
      "Claim": false,
      "DailyOffer": false,
      "OldPrice": 0,
      "Text": "None",
      "Background": "offer_biodome",
      "Processed": false,
      "TypeBenefit": 0,
      "Benefit": 0,
      "OneTimeOffer": false
    },
    {
      "Rewards": [
        {
          "ItemType": 4,
          "Amount": 1,
          "BrawlerID": [16, 24],
          "Extra": 472
        }
      ],
      "Currency": 0,
      "Cost": 149,
      "Time": 86400,
      "Claim": false,
      "DailyOffer": false,
      "OldPrice": 0,
      "Text": "None",
      "Background": "offer_biodome",
      "Processed": false,
      "TypeBenefit": 0,
      "Benefit": 0,
      "OneTimeOffer": false
    },
    {
      "Rewards": [
        {
          "ItemType": 4,
          "Amount": 1,
          "BrawlerID": [16, 37],
          "Extra": 477
        }
      ],
      "Currency": 0,
      "Cost": 79,
      "Time": 86400,
      "Claim": false,
      "DailyOffer": false,
      "OldPrice": 0,
      "Text": "None",
      "Background": "offer_biodome",
      "Processed": false,
      "TypeBenefit": 0,
      "Benefit": 0,
      "OneTimeOffer": false
    },
    {
      "Rewards": [
        {
          "ItemType": 4,
          "Amount": 1,
          "BrawlerID": [16, 46],
          "Extra": 478
        }
      ],
      "Currency": 0,
      "Cost": 79,
      "Time": 86400,
      "Claim": false,
      "DailyOffer": false,
      "OldPrice": 0,
      "Text": "None",
      "Background": "offer_biodome",
      "Processed": false,
      "TypeBenefit": 0,
      "Benefit": 0,
      "OneTimeOffer": false
    },
    {
      "Rewards": [
        {
          "ItemType": 12,
          "Amount": 100,
          "BrawlerID": [0, 0],
          "Extra": 0
        },
        {
          "ItemType": 3,
          "Amount": 1,
          "BrawlerID": [16, 35],
          "Extra": 0
        },
        {
          "ItemType": 1,
          "Amount": 300,
          "BrawlerID": [0, 0],
          "Extra": 0
        }
      ],
      "Currency": 0,
      "Cost": 129,
      "Time": 86400,
      "Claim": false,
      "DailyOffer": false,
      "OldPrice": 0,
      "Text": "Mega Offer",
      "Background": "offer_biodome",
      "Processed": false,
      "TypeBenefit": 1,
      "Benefit": 6,
      "OneTimeOffer": false
    },
    {
      "Rewards": [
        {
          "ItemType": 12,
          "Amount": 500,
          "BrawlerID": [0, 0],
          "Extra": 0
        }
      ],
      "Currency": 0,
      "Cost": 149,
      "Time": 86400,
      "Claim": false,
      "DailyOffer": false,
      "OldPrice": 0,
      "Text": "Powerpoints",
      "Background": "offer_biodome",
      "Processed": false,
      "TypeBenefit": 0,
      "Benefit": 0,
      "OneTimeOffer": false
    },
    {
      "Rewards": [
        {
          "ItemType": 10,
          "Amount": 5,
          "BrawlerID": [0, 0],
          "Extra": 0
        }
      ],
      "Currency": 0,
      "Cost": 240,
      "Time": 86400,
      "Claim": false,
      "DailyOffer": false,
      "OldPrice": 399,
      "Text": "Mega Boxes",
      "Background": "offer_biodome",
      "Processed": false,
      "TypeBenefit": 2,
      "Benefit": 40,
      "OneTimeOffer": false
    },
    {
      "Rewards": [
        {
          "ItemType": 12,
          "Amount": 150,
          "BrawlerID": [0, 0],
          "Extra": 0
        },
        {
          "ItemType": 21,
          "Amount": 1,
          "BrawlerID": [0, 0],
          "Extra": 0
        },
        {
          "ItemType": 10,
          "Amount": 2,
          "BrawlerID": [0, 0],
          "Extra": 0
        }
      ],
      "Currency": 0,
      "Cost": 205,
      "Time": 86400,
      "Claim": false,
      "DailyOffer": false,
      "OldPrice": 275,
      "Text": "Super Offer",
      "Background": "offer_biodome",
      "Processed": false,
      "TypeBenefit": 2,
      "Benefit": 25,
      "OneTimeOffer": false
    },
    {
      "Rewards": [
        {
          "ItemType": 1,
          "Amount": 500,
          "BrawlerID": [0, 0],
          "Extra": 0
        },
        {
          "ItemType": 16,
          "Amount": 439,
          "BrawlerID": [0, 0],
          "Extra": 0
        }
      ],
      "Currency": 0,
      "Cost": 0,
      "Time": 86400,
      "Claim": false,
      "DailyOffer": false,
      "OldPrice": 0,
      "Text": "Gift for the new update",
      "Background": "offer_biodome",
      "Processed": false,
      "TypeBenefit": 0,
      "Benefit": 0,
      "OneTimeOffer": false
    },
    {
      "Rewards": [
        {
          "ItemType": 10,
          "Amount": 10,
          "BrawlerID": [0, 0],
          "Extra": 0
        }
      ],
      "Currency": 0,
      "Cost": 319,
      "Time": 86400,
      "Claim": false,
      "DailyOffer": false,
      "OldPrice": 789,
      "Text": "Mega Boxes",
      "Background": "offer_lny22",
      "Processed": false,
      "TypeBenefit": 2,
      "Benefit": 60,
      "OneTimeOffer": false
    },
    {
      "Rewards": [
        {
          "ItemType": 1,
          "Amount": 2000,
          "BrawlerID": [0, 0],
          "Extra": 0
        },
        {
          "ItemType": 21,
          "Amount": 1,
          "BrawlerID": [0, 0],
          "Extra": 0
        }
      ],
      "Currency": 0,
      "Cost": 169,
      "Time": 86400,
      "Claim": false,
      "DailyOffer": false,
      "OldPrice": 259,
      "Text": "Golden Set",
      "Background": "offer_lny22",
      "Processed": false,
      "TypeBenefit": 2,
      "Benefit": 20,
      "OneTimeOffer": false
    },
    {
      "Rewards": [
        {
          "ItemType": 1,
          "Amount": 500,
          "BrawlerID": [0, 0],
          "Extra": 0
        },
        {
          "ItemType": 16,
          "Amount": 50,
          "BrawlerID": [0, 0],
          "Extra": 0
        }
      ],
      "Currency": 0,
      "Cost": 0,
      "Time": 86400,
      "Claim": false,
      "DailyOffer": false,
      "OldPrice": 0,
      "Text": "Gift for the new update!",
      "Background": "offer_lny22",
      "Processed": false,
      "TypeBenefit": 2,
      "Benefit": 20,
      "OneTimeOffer": false
    },
    {
      "Rewards": [
        {
          "ItemType": 16,
          "Amount": 199,
          "BrawlerID": [0, 0],
          "Extra": 0
        }
      ],
      "Currency": 0,
      "Cost": 0,
      "Time": 86400,
      "Claim": false,
      "DailyOffer": false,
      "OldPrice": 0,
      "Text": "Gift for the Lantern Event!",
      "Background": "offer_biodome",
      "Processed": false,
      "TypeBenefit": 0,
      "Benefit": 0,
      "OneTimeOffer": false
    },
    {
      "Rewards": [
        {
          "ItemType": 23,
          "Amount": 1,
          "BrawlerID": [0, 0],
          "Extra": 2
        }
      ],
      "Currency": 0,
      "Cost": 39,
      "Time": 86400,
      "Claim": false,
      "DailyOffer": false,
      "OldPrice": 50,
      "Text": "TID_SHOP_OFFER_TITLE_19",
      "Background": "offer_biodome",
      "Processed": false,
      "TypeBenefit": 0,
      "Benefit": 0,
      "OneTimeOffer": false
    },
    {
      "Rewards": [
        {
          "ItemType": 21,
          "Amount": 1,
          "BrawlerID": [0, 0],
          "Extra": 0
        }
      ],
      "Currency": 0,
      "Cost": 0,
      "Time": 86400,
      "Claim": false,
      "DailyOffer": false,
      "OldPrice": 0,
      "Text": "TID_SHOP_OFFER_TITLE_21",
      "Background": "offer_biodome",
      "Processed": false,
      "TypeBenefit": 0,
      "Benefit": 0,
      "OneTimeOffer": false
    },
    {
      "Rewards": [
        {
          "ItemType": 3,
          "Amount": 1,
          "BrawlerID": [16, 17],
          "Extra": 0
        }
      ],
      "Currency": 0,
      "Cost": 119,
      "Time": 86400,
      "Claim": false,
      "DailyOffer": false,
      "OldPrice": 229,
      "Text": "TID_BLACK_HOLE",
      "Background": "offer_biodome",
      "Processed": false,
      "TypeBenefit": 1,
      "Benefit": 50,
      "OneTimeOffer": false
    },
    {
      "Rewards": [
        {
          "ItemType": 6,
          "Amount": 1,
          "BrawlerID": [0, 0],
          "Extra": 0
        },
        {
          "ItemType": 10,
          "Amount": 2,
          "BrawlerID": [0, 0],
          "Extra": 0
        }
      ],
      "Currency": 0,
      "Cost": 119,
      "Time": 86400,
      "Claim": false,
      "DailyOffer": false,
      "OldPrice": 169,
      "Text": "None",
      "Background": "offer_biodome",
      "Processed": false,
      "TypeBenefit": 2,
      "Benefit": 40,
      "OneTimeOffer": false
    },
    {
      "Rewards": [
        {
          "ItemType": 21,
          "Amount": 1,
          "BrawlerID": [0, 0],
          "Extra": 0
        }
      ],
      "Currency": 0,
      "Cost": 49,
      "Time": 86400,
      "Claim": false,
      "DailyOffer": false,
      "OldPrice": 0,
      "Text": "TID_SHOP_OFFER_TITLE_21",
      "Background": "offer_biodome",
      "Processed": false,
      "TypeBenefit": 0,
      "Benefit": 0,
      "OneTimeOffer": false
    },
    {
      "Rewards": [
        {
          "ItemType": 3,
          "Amount": 1,
          "BrawlerID": [16, 24],
          "Extra": 0
        },
        {
          "ItemType": 4,
          "Amount": 1,
          "BrawlerID": [16, 24],
          "Extra": 308
        }
      ],
      "Currency": 0,
      "Cost": 179,
      "Time": 86400,
      "Claim": false,
      "DailyOffer": false,
      "OldPrice": 0,
      "Text": "None",
      "Background": "offer_biodome",
      "Processed": false,
      "TypeBenefit": 0,
      "Benefit": 0,
      "OneTimeOffer": false
    },
    {
      "Rewards": [
        {
          "ItemType": 10,
          "Amount": 1,
          "BrawlerID": [0, 0],
          "Extra": 0
        }
      ],
      "Currency": 0,
      "Cost": 0,
      "Time": 86400,
      "Claim": false,
      "DailyOffer": false,
      "OldPrice": 0,
      "Text": "TID_SHOP_FREE",
      "Background": "offer_biodome",
      "Processed": false,
      "TypeBenefit": 0,
      "Benefit": 0,
      "OneTimeOffer": false
    },
    {
      "Rewards": [
        {
          "ItemType": 10,
          "Amount": 3,
          "BrawlerID": [0, 0],
          "Extra": 0
        }
      ],
      "Currency": 0,
      "Cost": 79,
      "Time": 86400,
      "Claim": false,
      "DailyOffer": false,
      "OldPrice": 240,
      "Text": "None",
      "Background": "offer_biodome",
      "Processed": false,
      "TypeBenefit": 1,
      "Benefit": 3,
      "OneTimeOffer": false
    },
    {
      "Rewards": [
        {
          "ItemType": 12,
          "Amount": 250,
          "BrawlerID": [0, 0],
          "Extra": 0
        },
        {
          "ItemType": 1,
          "Amount": 500,
          "BrawlerID": [0, 0],
          "Extra": 0
        }
      ],
      "Currency": 0,
      "Cost": 129,
      "Time": 86400,
      "Claim": false,
      "DailyOffer": false,
      "OldPrice": 0,
      "Text": "None",
      "Background": "offer_biodome",
      "Processed": false,
      "TypeBenefit": 0,
      "Benefit": 0,
      "OneTimeOffer": false
    },
    {
      "Rewards": [
        {
          "ItemType": 10,
          "Amount": 10,
          "BrawlerID": [0, 0],
          "Extra": 0
        }
      ],
      "Currency": 0,
      "Cost": 239,
      "Time": 86400,
      "Claim": false,
      "DailyOffer": false,
      "OldPrice": 799,
      "Text": "None",
      "Background": "offer_biodome",
      "Processed": false,
      "TypeBenefit": 1,
      "Benefit": 3,
      "OneTimeOffer": false
    },
    {
      "Rewards": [
        {
          "ItemType": 3,
          "Amount": 1,
          "BrawlerID": [16, 40],
          "Extra": 0
        },
        {
          "ItemType": 4,
          "Amount": 1,
          "BrawlerID": [16, 40],
          "Extra": 279
        }
      ],
      "Currency": 0,
      "Cost": 299,
      "Time": 86400,
      "Claim": false,
      "DailyOffer": false,
      "OldPrice": 389,
      "Text": "None",
      "Background": "offer_biodome",
      "Processed": false,
      "TypeBenefit": 2,
      "Benefit": 30,
      "OneTimeOffer": false
    },
    {
      "Rewards": [
        {
          "ItemType": 14,
          "Amount": 2,
          "BrawlerID": [0, 0],
          "Extra": 0
        },
        {
          "ItemType": 10,
          "Amount": 1,
          "BrawlerID": [0, 0],
          "Extra": 0
        }
      ],
      "Currency": 0,
      "Cost": 179,
      "Time": 86400,
      "Claim": false,
      "DailyOffer": false,
      "OldPrice": 219,
      "Text": "None",
      "Background": "offer_biodome",
      "Processed": false,
      "TypeBenefit": 2,
      "Benefit": 20,
      "OneTimeOffer": false
    }
  ]
}